{
  "RandomForest": {
    "n_estimators": 400,
    "train_frac": 0.85,
    "MAE": 0.16641999467118296,
    "RMSE": 0.2742842863797861,
    "n_test": 547
  },
  "NaivePrev": {
    "MAE": 0.5164533820840951,
    "RMSE": 0.8119649131025855,
    "n_test": 547
  },
  "SARIMA": {
    "order": [
      2,
      1,
      2
    ],
    "seasonal_order": [
      1,
      0,
      1,
      24
    ],
    "MAE": 1.476522759630787,
    "RMSE": 2.0465641211329393,
    "n_test": 5889
  }
}