{
  "feature_order": [
    "PT08.S1(CO)",
    "NMHC(GT)",
    "C6H6(GT)",
    "PT08.S2(NMHC)",
    "NOx(GT)",
    "PT08.S3(NOx)",
    "NO2(GT)",
    "PT08.S4(NO2)",
    "PT08.S5(O3)",
    "T",
    "RH",
    "AH",
    "Hour",
    "Day",
    "Month",
    "Hour_sin",
    "Hour_cos",
    "CO(GT)_lag1",
    "CO(GT)_lag2",
    "CO(GT)_lag3",
    "CO(GT)_lag6",
    "CO(GT)_lag12",
    "CO(GT)_lag24",
    "CO(GT)_rollmean3",
    "CO(GT)_rollstd3",
    "CO(GT)_rollmean6",
    "CO(GT)_rollstd6",
    "CO(GT)_rollmean12",
    "CO(GT)_rollstd12",
    "CO(GT)_rollmean24",
    "CO(GT)_rollstd24"
  ],
  "target": "CO(GT)",
  "medians": {
    "PT08.S1(CO)": 1047.0,
    "NMHC(GT)": 141.0,
    "C6H6(GT)": 8.1,
    "PT08.S2(NMHC)": 903.0,
    "NOx(GT)": 186.0,
    "PT08.S3(NOx)": 803.0,
    "NO2(GT)": 109.0,
    "PT08.S4(NO2)": 1429.0,
    "PT08.S5(O3)": 948.0,
    "T": 16.6,
    "RH": 48.4,
    "AH": 0.9948,
    "Hour": 12.0,
    "Day": 14.0,
    "Month": 7.0,
    "Hour_sin": 0.0,
    "Hour_cos": -1.8369701987210297e-16,
    "CO(GT)_lag1": 1.8,
    "CO(GT)_lag2": 1.8,
    "CO(GT)_lag3": 1.8,
    "CO(GT)_lag6": 1.8,
    "CO(GT)_lag12": 1.8,
    "CO(GT)_lag24": 1.9,
    "CO(GT)_rollmean3": 1.8333333333333337,
    "CO(GT)_rollstd3": 0.3214550253664325,
    "CO(GT)_rollmean6": 1.8833333333333317,
    "CO(GT)_rollstd6": 0.5656854249492493,
    "CO(GT)_rollmean12": 1.9249999999999998,
    "CO(GT)_rollstd12": 0.8774532707923891,
    "CO(GT)_rollmean24": 2.058333333333333,
    "CO(GT)_rollstd24": 1.0709521024756903
  }
}