{
  "feature_order": [
    "PT08.S1(CO)",
    "NMHC(GT)",
    "C6H6(GT)",
    "PT08.S2(NMHC)",
    "NOx(GT)",
    "PT08.S3(NOx)",
    "NO2(GT)",
    "PT08.S4(NO2)",
    "PT08.S5(O3)",
    "T",
    "RH",
    "AH",
    "Hour",
    "Day",
    "Month",
    "Hour_sin",
    "Hour_cos",
    "Season",
    "CO(GT)_lag1",
    "CO(GT)_lag2",
    "CO(GT)_lag3",
    "CO(GT)_lag6",
    "CO(GT)_lag12",
    "CO(GT)_lag24",
    "CO(GT)_rollmean3",
    "CO(GT)_rollstd3",
    "CO(GT)_rollmean6",
    "CO(GT)_rollstd6",
    "CO(GT)_rollmean12",
    "CO(GT)_rollstd12",
    "CO(GT)_rollmean24",
    "CO(GT)_rollstd24"
  ],
  "target": "CO(GT)",
  "medians": {
    "PT08.S1(CO)": 1024.0,
    "NMHC(GT)": 141.0,
    "C6H6(GT)": 8.25,
    "PT08.S2(NMHC)": 909.5,
    "NOx(GT)": 116.0,
    "PT08.S3(NOx)": 839.5,
    "NO2(GT)": 90.0,
    "PT08.S4(NO2)": 1548.0,
    "PT08.S5(O3)": 875.5,
    "T": 23.85,
    "RH": 43.3,
    "AH": 1.19245,
    "Hour": 12.0,
    "Day": 13.0,
    "Month": 7.0,
    "Hour_sin": 0.0,
    "Hour_cos": -6.123233995736765e-17,
    "Season": 2.0,
    "CO(GT)_lag1": 1.6,
    "CO(GT)_lag2": 1.6,
    "CO(GT)_lag3": 1.6,
    "CO(GT)_lag6": 1.6,
    "CO(GT)_lag12": 1.6,
    "CO(GT)_lag24": 1.7,
    "CO(GT)_rollmean3": 1.6333333333333324,
    "CO(GT)_rollstd3": 0.3055050463303328,
    "CO(GT)_rollmean6": 1.6666666666666667,
    "CO(GT)_rollstd6": 0.5223338941761695,
    "CO(GT)_rollmean12": 1.758333333333333,
    "CO(GT)_rollstd12": 0.7919097065507051,
    "CO(GT)_rollmean24": 1.9083333333333332,
    "CO(GT)_rollstd24": 1.0148445144080938
  }
}