{
  "RandomForest": {
    "n_estimators": 400,
    "train_frac": 0.85,
    "MAE": 0.29683801336686855,
    "RMSE": 0.5194623360269823,
    "n_test": 321
  },
  "NaivePrev": {
    "MAE": 0.6242990654205607,
    "RMSE": 0.9127002831453392,
    "n_test": 321
  },
  "SARIMA": {
    "order": [
      2,
      1,
      2
    ],
    "seasonal_order": [
      1,
      0,
      1,
      24
    ],
    "MAE": 1.1435330374273447,
    "RMSE": 1.4771803557631682,
    "n_test": 4455
  }
}